{"cameraMode":{"drawMode":0,"name":"Shaded","section":"Shading Mode"},"sceneLighting":true,"audioPlay":false,"sceneViewState":{"m_AlwaysRefresh":false,"showFog":true,"showSkybox":true,"showFlares":true,"showImageEffects":true,"showParticleSystems":true,"showVisualEffectGraphs":true,"m_FxEnabled":true},"in2DMode":false,"pivot":{"x":394.8582763671875,"y":1.5630346536636353,"z":341.43072509765627},"rotation":{"x":-0.02109665796160698,"y":0.8885257840156555,"z":0.041071899235248569,"w":0.45651140809059145},"size":1.658312439918518,"orthographic":false}